alias kuperman Yossi Kuperman <yossiku@nvidia.com>
alias paolo Paolo Abeni <pabeni@redhat.com>
alias chuck Chuck Lever <chuck.lever@oracle.com>
alias artem Artem Polyakov <artemp@nvidia.com>
alias moshe Moshe Shemesh <moshe@nvidia.com>
alias virt virtualization ML <virtualization@lists.linux-foundation.org>
alias joep Joe Perches <joe@perches.com>
alias amitm Amit Matityahu <mitm@nvidia.com>
alias elic Eli Cohen <elic@nvidia.com>
alias greg Greg Kroah-Hartman <gregkh@linuxfoundation.org>
alias itay Itay Aveksis <itayav@nvidia.com>
alias david David Ahern <dsahern@gmail.com>
alias zhu Zhu Yanjun <yanjunz@nvidia.com>
alias lariel Ariel Levkovich <lariel@nvidia.com>
alias alexr Alex Rosenbaum <alexr@nvidia.com>
alias jakub Jakub Kicinski <kuba@kernel.org>
alias shannon Shannon Nelson <snelson@pensando.io>
alias kubecek Michal Kubecek <mkubecek@suse.cz>
alias idok Ido Kalir <idok@nvidia.com>
alias idosh Ido Schimmel <idosch@nvidia.com>
alias shahaf Shahaf Shuler <shahafs@nvidia.com>
alias raed Raed Salem <raeds@nvidia.com>
alias edward Edward Srouji <edwards@nvidia.com>
alias markz Mark Zhang <markz@nvidia.com>
alias galp Gal Pressman <galpress@amazon.com>
alias mm linux-mm <linux-mm@kvack.org>
alias rafael Rafael J. Wysocki <rafael@kernel.org>
alias maria Maria Pasechnik <mariap@nvidia.com>
alias feras Feras Daoud <ferasda@nvidia.com>
alias dmitry Dmitry Kuzmin <dmitryk@nvidia.com>
alias amir Amir Sela <amirse@nvidia.com>
alias ayal Aya Levin <ayal@nvidia.com>
alias vasyl Vasyl Pasternak <vasylp@nvidia.com>
alias danielp Daniel Pressler <danielpr@nvidia.com>
alias michael Michael Guralnik <michaelgur@nvidia.com>
alias aron Aron Silverton <aron.silverton@oracle.com>
alias daria Daria Velikovsky <daria@nvidia.com>
alias raed Raed Salem <raeds@nvidia.com>
alias mike Mike Dubman <miked@nvidia.com>
alias dougl Doug Ledford <dledford@redhat.com>
alias matanb Matan Barak <matanb@nvidia.com>
alias org Or Gerlitz <ogerlitz@nvidia.com>
alias sagig Sagi Grimberg <sagi@grimberg.me>
alias majd Majd Dibbiny <majd@nvidia.com>
alias artemyko Artemy Kovalyov <artemyko@nvidia.com>
alias dave David S. Miller <davem@davemloft.net>
alias linus Linus Torvalds <torvalds@linux-foundation.org>
alias rdma RDMA mailing list <linux-rdma@vger.kernel.org>
alias netdev linux-netdev <netdev@vger.kernel.org>
alias jason Jason Gunthorpe <jgg@ziepe.ca>
alias jgg Jason Gunthorpe <jgg@nvidia.com>
alias liran Liran Liss <liranl@nvidia.com>
alias srot Stephen Rothwell <sfr@canb.auug.org.au>
alias monis Moni Shoua <monis@nvidia.com>
alias steve Steve Wise <larrystevenwise@gmail.com>
alias ira Ira Weiny <ira.weiny@intel.com>
alias saeedm Saeed Mahameed <saeedm@nvidia.com>
alias nvme NVME mailing list <linux-nvme@lists.infradead.org>
alias cl Christoph Lameter <cl@linux.com>
alias haggai Haggai Eran <haggaie@nvidia.com>
alias tzahi Tzahi Oved <tzahio@nvidia.com>
alias sean Sean Hefty <sean.hefty@intel.com>
alias hal Hal Rosenstock <hal@nvidia.com>
alias drorg Dror Goldenberg <gdror@nvidia.com>
alias yarong Yaron Gepstein <yarong@nvidia.com>
alias amitk Amit Krig <amitk@nvidia.com>
alias dennis Dennis Dalessandro <dennis.dalessandro@intel.com>
alias grant Grant Likely <glikely@secretlab.ca>
alias noa Noa Osherovich <noaos@nvidia.com>
alias ram Ram Amrani <ram.amrani@cavium.com>
alias tal Tal Alon <talal@nvidia.com>
alias tariq Tariq Toukan <tariqt@nvidia.com>
alias yuval Yuval Shaia <yuval.shaia@oracle.com>
alias bodong Bodong Wang <bodong@nvidia.com>
alias daniel Daniel Jurgens <danielj@nvidia.com>
alias yonatan Yonatan Cohen <yonatanc@nvidia.com>
alias rony Rony Efraim <ronye@nvidia.com>
alias achiad Achiad Shochat <achiad@nvidia.com>
alias adit Adit Ranadive <aditr@vmware.com>
alias yishai Yishai Hadas <yishaih@nvidia.com>
alias markb Mark Bloch <markb@nvidia.com>
alias ml NBU Internal ML <NBU-linux-internal@nvidia.com
alias jiri Jiri Pirko <jiri@nvidia.com>
alias jack Jack Morgenstein <jackm@nvidia.com>
alias ch Christoph Hellwig <hch@lst.de>
alias bart Bart Van Assche <bvanassche@acm.org>
alias shiraz Shiraz Saleem <shiraz.saleem@intel.com>
alias faisal Faisal Latif <faisal.latif@intel.com>
alias alaa Alaa Hleihel <alaa@nvidia.com>
alias benj Benjamin Drung <benjamin.drung@profitbricks.com>
alias slava Slava Shwartsman <slavash@nvidia.com>
alias stephen Stephen Hemminger <stephen@networkplumber.org>
alias kamal Kamal Heib <kamalh@nvidia.com>
alias max Max Gurtovoy <maxg@nvidia.com>
alias parav Parav Pandit <parav@nvidia.com>
alias ariel Ariel Almog <ariela@nvidia.com>
alias erezs Erez Shitrit <erezsh@nvidia.com>
alias noas Noa Spanier <noas@nvidia.com>
alias talat Talat Batheesh <talatb@nvidia.com>
alias maorg Maor Gottlieb <maorg@nvidia.com>
alias aviad Aviad Yehezkel <aviadye@nvidia.com>
alias jarod Jarod Wilson <jarod@redhat.com>
alias danc Dan Carpenter <dan.carpenter@oracle.com>
alias knut Knut Omang <knut.omang@oracle.com>
alias don Don Dutile <ddutile@redhat.com>
alias marcel Marcel Apfelbaum <marcel@redhat.com>
alias guye Guy Ergas <guye@nvidia.com>
alias devesh Devesh Sharma <devesh.sharma@broadcom.com>
alias salil Salil Mehta <salil.mehta@huawei.com>
alias michal Michal Kalderon <michal.kalderon@cavium.com>
alias steven Steven Rostedt <rostedt@goodmis.org>
alias jonathan Jonathan Corbet <corbet@lwn.net>
alias nicolas Nicolas Morey-Chaisemartin <NMoreyChaisemartin@suse.de>
alias valex Alex Vesker <valex@nvidia.com>
alias alexv Alex Vainman <alexv@nvidia.com>
alias eranbe Eran Ben Elisha <eranbe@nvidia.com>
alias sergey Sergey Gorenko <sergeygo@nvidia.com>
alias yoni Yoni Luzon <yoni@nvidia.com>
alias yossi Yossi Itigin <yosefe@nvidia.com>
alias ranro Ran Rozenstein <ranro@nvidia.com>
alias oren Oren Duer <oren@nvidia.com>
alias guyle Guy Levy <guyle@nvidia.com>
